name,rows,success_rate,ecs_mean_all,ecs_mean_success,p_ecs_lt_0_5_given_success
v0,300,0.6666666666666666,0.49435714285714283,0.6670000000000001,0.32
v1_policy_strict,300,0.6666666666666666,0.49435714285714283,0.6670000000000001,0.32
